Course Title,Description,All Chapter Titles,All Lessons
Creating Problem-Solving Agents using GenAI for Action Composition,"This introductory course provides a concise overview of Agentic AI systems, covering their evolution, current state, and practical applications. You will explore key topics including the history of Agentic AI systems, the role of agents today, multi-agent systems, and practical solutions for implementing them. Perfect for those seeking a foundational understanding of intelligent Agentic AI systems in action.",Creating Problem-Solving Agents using GenAI for Action Composition,"Introduction, Overview- Count the Number of Agents, A brief history of Agentic Systems, Agents Today, Multi-Agent Systems Today, Practical Solutions"
Improving Real World RAG Systems: Key Challenges & Practical Solutions,"This course explores the key challenges in building real-world Retrieval-Augmented Generation (RAG) systems and provides practical solutions. Topics include improving data retrieval, dealing with hallucinations, context selection, and optimizing system performance using advanced prompting, retrieval strategies, and evaluation techniques. Through hands-on demos, you will gain insights into better chunking, embedding models, and agentic RAG systems for more robust, real-world applications.",Improving Real World RAG System,"Introduction to RAG Systems, Resources, RAG System Challenges Practical Solutions, Hands-on: Solution for Missing Content in RAG, Other Key Challenges, Practical Solutions, Hands-on: Solution for Missed Top Ranked, Not in Context, Not Extracted _ Incorrect SpecificityHands-on- Solution for Missed, Wrong Format Problem  Solution, Hands-on: Solution for Wrong Format, Incomplete Problem Solution, HyDE, Other Practical Solutions from recent Research Papers"
Framework to Choose the Right LLM for your Business,"This course will guide you through the process of selecting the most suitable Large Language Model (LLM) for various business needs. By examining factors such as accuracy, cost, scalability, and integration, you will understand how different LLMs perform in specific scenarios, from customer support to healthcare and strategy development. The course emphasizes practical decision-making with real-world case studies, helping businesses navigate the rapidly evolving LLM landscape effectively.","Introduction, It's an LLM World!, Understand Your Business, Framework to Choose the Right LLM, Case Studies, Conclusion","Introduction, It's an LLM World!, Understand Your Business, Framework to Choose the Right LLM, Case Studies, Conclusion"
Building Smarter LLMs with Mamba and State Space Model,"Unlock the Power of State Space Models (SSM) like Mamba with our comprehensive course designed for AI professionals, data scientists, and NLP enthusiasts. Master the art of integrating SSM with deep learning, unravel the complexities of models like Mamba, and elevate your understanding of Generative AI's newest and most innovative models. This course is designed to equip you with the skills needed to understand these cutting-edge AI models and how they work, making you proficient in the latest AI techniques and architectures.","Course Overview, An Alternative to Transformers, Understanding State Space Models, Mamba - A Selective State Space Model","Course Overview, Are RNNs a Solution, The Problem with Transformers, What is a State Space Model?, The Discrete Representation, The Recurrent Representation, The Convolution Representation, The Three Representations, The Importance of the A Matrix, What Problem does it attempt to Solve?, Selectively Retaining Information, Speeding Up Computations, Exploring the Mamba Block, Jamba - Mixing Mamba with Transformers"
Generative AI - A Way of Life - Free Course,"This course is a transformative journey tailored for beginners and delves into AI-powered text and image generation using leading tools like ChatGPT, Microsoft Copilot, and DALL·E3. Learn practical applications across industries, ethical considerations, and best practices. Whether you're a content creator, business innovator, or AI enthusiast, gain the expertise to harness Generative AI's full potential and drive innovation in your field.","Introduction to Generative AI, Text Generation Using Generative AI, Image Generation Using Generative AI","Fundamentals of Generative AI, What is Generative AI?, How does Generative AI work?, Exploring the Potential of Generative AI, GenAI Pinnacle Program, Hands On: Let’s get generating!, An Overview of Text Generation, What is ChatGPT?, Working with ChatGPT, Working with ChatGPT Plus, Working with Bing Chat, Breaking Bard, Sponsored Ad, Learning the Art of Prompting, Creating a Chatbot, Ethics and Best Practices, Introduction to Image Generation, Exploring the Potential of Image Generation, Working with free image generation tools, Working with Clipdrop, Working with Bing Image Creator, Working with Firefly, Working with Paid Image Generative Tools, Working with paid image generative tools DreamStudio, Working with DALLE-2, Working with Midjourney, Sponsored Ad, Prompting your Way to Art, Accomplishing Tasks with Image Generation, E for Ethics and Efficiency"
Building LLM Applications using Prompt Engineering - Free Course,"This course will provide you with a hands-on understanding of building LLM applications and mastering prompt engineering techniques. By the end of the course, you will be proficient in implementing and fine-tuning these techniques to enhance generative AI model performance. You'll learn to apply various prompting methods and build chatbots on enterprise data, equipping you with the skills to improve conversational AI systems in real-world projects.","How to build diffferent LLM AppIications?, Getting Started with Prompt Engineering, Understanding Different Prompt Engineering Techniques","Introduction to Building Different LLM applications, Prompt Engineering, Retrieval Augmented Generation, Finetuning LLMs, Training LLMs from Scratch, Quiz, Introduction to Prompt Engineering, Set up your machine for Prompt Engineering, Prompt Engineering with ChatGPT API, Enabling Conversation with ChatGPT API, Quiz, Introduction to Understanding Different Prompt Engineering Techniques, Few Shot Prompting, One Shot Prompting, Zero Shot Prompting, Quiz, Assignment"
Building Your First Computer Vision Model - Free Course,"This course will help you gain a deep understanding of Computer Vision and build advanced CV models using the PyTorch framework. With a carefully curated list of resources and exercises, this course is your guide to becoming a Computer Vision expert. Master the techniques to build convolutional neural networks, and classify images.",Introduction to Computer Vision,"Pixel Perfect - Decoding Images, Understanding a CNN - Convolutional Layer, Hands on - Image Processing Techniques, Understanding a CNN - Striding and Pooling, Understanding a CNN - Pooling Layer, Understanding AlexNet and Building a CNN Model, Quiz"
Bagging and Boosting ML Algorithms - Free Course,"This course will provide you with a hands-on understanding of Bagging and Boosting techniques in machine learning. By the end of the course, you will be proficient in implementing and tuning these ensemble methods to enhance model performance. You'll learn to apply algorithms like Random Forest, AdaBoost, and Gradient Boosting to a real-world dataset, equipping you with the skills to improve predictive accuracy and robustness in your projects.","Bagging, Boosting","Resources to be used in this course, Problem Statement, Understanding Ensemble Learning, Introducing Bagging Algorithms, Hands-on to Bagging Meta Estimator, Introduction to Random Forest, Understanding Out-Of-Bag Score, Random Forest VS Classical Bagging VS Decision Tree, Project, Introduction to Boosting, AdaBoost Step-by-Step Explanation, Hands-on - AdaBoost, Gradient Boosting Machines (GBM), Hands-on Gradient Boost, Other Algo (XGBoost, LightBoost. CatBoost), Project: Anova Insurance"
MidJourney: From Inspiration to Implementation - Free Course,"This course will provide you with a practical understanding of MidJourney tools. By the end of the course, you will be able to utilize MidJourney effectively and explore alternative tools for your creative projects. You'll learn how to draw inspiration, use MidJourney's features, and understand its applications through engaging lessons.",MidJourney,"MidJourney - Storm _ Story, MidJourney - Inspiration, MidJourney - How to use, MidJourney  Alternatives, Quiz"
Understanding Linear Regression - Free Course,"This free course will help you understand the fundamentals of linear regression in a straightforward manner. By the end of this course, you will be able to build predictive models using linear regression techniques. With a carefully curated list of resources and exercises, this course serves as your comprehensive guide to mastering linear regression.",Linear Regression,"Introduction to the Problem Statement, Resources for this Course, Introduction to Linear Regression, Significance of Slope and Intercept in the linear regression, How Model Decides The Best-Fit Line, Let’s Build a Simple Linear Regression Model, Model Understanding Using Descriptive Approach, Model Understanding Using Descriptive Approach - II, Model Building Using Predictive Approach, Quiz: Linear regression"
The Working of Neural Networks - Free Course,"This free course will help you understand the end-to-end working of neural networks in a simple manner. By the end of this course, you will be able to build advanced Deep Learning models using the PyTorch framework. With a carefully curated list of resources and exercises, this course serves as your comprehensive guide to mastering deep learning. It is recommended that you complete the advanced Machine Learning course before taking up this course.",Understanding the working of Neural Networks,"How are Neural Networks trained - Forward Propagation, Understanding Loss Functions + Hands on, Reading: Creating a Custom Loss Function (Optional), Optimization Techniques - Gradient Descent, What is Back Propagation?, Types of Gradient Descent, Common Optimization Techniques - Part 1, Common Optimization Techniques - Part 2, Building a Deep Neural Network (Hands-on Regression Model), Building a Deep Neural Network (Hands-on Classification Model), Quiz"
The A to Z of Unsupervised ML - Free Course,"Unsupervised machine learning helps uncover hidden patterns and structures in data without labeled examples. It is essential for exploratory data analysis, reducing dimensionality, and discovering intrinsic relationships within datasets. Mastering unsupervised techniques enhances data preprocessing and drives insights in complex datasets where labels are scarce or unavailable.",Understanding Unsupervised Machine Learning,"Resources to be used in this course., Setting the Context, Choosing Clustering Algorithms, Solving our Problem using k-means - Part 1, Solving our Problem using k-means - Part 2, Finding optimal K value, Analysis and Insights Based on the Plots, Introduction to Hierarchical Clustering Analysis (HCA), Solving our Problem using Hierarchical Clustering, Introduction to DBSCAN Clustering, Solving our Problem using DBSCAN, Reading: Applications of Clustering in the Real World, Project"
Building Your first RAG System using LlamaIndex - Free Course,"This course will guide youthrough building your first Retrieval-Augmented Generation (RAG) systemusing LlamaIndex.You will start with data ingestion by loading a file into the system, followed by indexing the data for efficient retrieval. Next, you will set up retrieval configurations and use a response synthesizer to combine data into a coherent response. Finally, you will employ a query engine to generate responses. By the end of this course, you will have a solid understanding of these processes and be able to build an RAG system using LlamaIndex code effectively.","Introduction to RAG systems, Getting Started with LlamaIndex","Welcome to this course, Why RAG, What is RAG system, Overview of RAG Framework, Quiz, Course handouts, Introduction to LlamaIndex, Components of LlamaIndex, Reading Material: How to get your API Key, How to get Open AI Keys - 2 min - Website go through, Build Your First RAG system using LlamaIndex, Quiz"
Data Preprocessing on a Real-World Problem Statement - Free Course,"This course will help you get a practical understanding of Data Preprocessing. After this course, you can work on any data and prepare it for modelling. With a carefully curated list of resources, this course is your first step to becoming a Data Scientist. By the end of the course, you will have mastered techniques like EDA and Missing Value Treatment.",Preparing the Dataset for Machine Learning Model,"Resources to be used in this course, Introduction to Problem Statement, Reading Material - Understanding the Data, ML-workflow, Tasks to be Performed, Combining Product Attribute Data with POS Data, Combining all the tables in the Dataframe, Understanding the Combined Data, Treating Missing Values - Part 1, Treating Missing Values Part - 2, Outlier Detection and Treatment, Preparing the Dataset for Supervised and Unsupervised Models, Generative AI for Data Analysis"
Exploring Stability.AI - Free Course,"This course will give you a practical understanding of Stability.AI tools. By the end of the course, you will be able to deploy and customize SD WebUI, and use the Automatic1111 WebUI on RunPod GPU environments. You'll learn to install, set up, generate, and fine-tune SD WebUI settings, equipping you with the skills to harness Stability.AI's full potential for your projects.",Mastering stability.ai and its tools,"Introduction to Stability, How to use Stability.AI tools, Review of Deployment Options for SD WebUI, Automatic1111 WebUI on RunPod GPU environment, SD WebUI Hands-On - Installation and Setup, SD WebUI Hands-On - Generation and Settings, Quiz"
Building a Text Classification Model with Natural Language Processing - Free Course,"Gain practical insights into Natural Language Processing (NLP) with our comprehensive course. Learn to build NLP models using PyTorch, delve into classification models, and apply techniques like bag-of-words, count vectorizer and so on. Perfect for professionals seeking to enhance their skills and aspiring students entering the tech industry.","Introduction to NLP, Building a basic classification model","What is NLP, Common tasks in a NLP Project, NLP Libraries, Resources for the Course, Methods of Text Preprocessing - Part 1, Methods of Text Preprocessing - Part 2, Methods of Text Preprocessing - Part 3, Quiz, Introduction to dataset and problem statement, Creating a Basic Review Classification Model, Understanding TF-IDF and its implementations, Understanding N-grams, Advanced Preprocessing Techniques, Building an basic ANN model, Limitations of ANN, Quiz"
Getting Started with Large Language Models,"This course will help you gain a comprehensive understanding of Large Language Models (LLMs) and develop advanced natural language processing (NLP) applications using the PyTorch framework. With a carefully curated list of resources and exercises, this course is your guide to becoming an expert in LLMs. Master the techniques to build and fine-tune LLMs, and generate human-like text.","Introduction, The Evolution of NLP, What are Large Language Models?, The Current State of the Art in LLMs, Generative AI - Glossary, Your Feedback Matters!","Course Objective, Course Handouts, The Exponential Growth, The Evolution of NLP: Symbolic NLP, The Evolution of NLP: Statistical NLP, The Evolution of NLP: Deep Learning, The Evolution of NLP: Deep Learning Era II, The Evolution of NLP: Tranformers and Evolution, Quiz, Introduction to Large Language Model, What is a Large Language Model?, Understanding Foundational Models, Different types of LLMs: Based on Response, Different types of LLMs: Based on Model Architecture, Quiz, The Current State of the Art in LLMs, Generative AI- Glossary, Your Feedback Matters!"
Introduction to Generative  AI,"This course will provide you with a comprehensive understanding of generative AI, including text and image generation techniques. By the end of the course, you will be have an understanding of using generative AI tools to create diverse content. You'll learn how generative AI works, engage in practical exercises, and gain the skills to implement these techniques in real-world projects.",Introduction to Generative AI,"What is Generative AI, How does Gen AI work, Quiz, Text Generation with Gen AI, Image Generation with Gen AI, Quiz, Meet your Instructors, Course Handout, Your Feedback Matters!"
Nano Course: Dreambooth-Stable Diffusion for Custom Images,Have you ever wondered how to turn your dreams into reality by creating images of your dog traveling around the world or yourself alongside Elon Musk or playing cricket with MSD?,Dreambooth-Stable Diffusion for Custom Images,"The Current Landscape of Generative AI, Why Stable Diffusion, Recap on History of Stable Diffusion, Intuition behind Stable Diffusion, How to train a Stable Diffusion model, Introduction to Dreambooth, Understanding the Dreambooth Process, Tricks to Name Your Concept Uniquely, How to Select Images for Finetuning Dreambooth, Setting up the Training Environment, Code-Finetuning Dreambooth model on Custom Dataset, The Importance of Captioning in Dreambooth, Differences between Stable Diffusion and Dreambooth"
A Comprehensive Learning Path for Deep Learning in 2023,The most common question we get from beginners in the field of Deep Learning is - Where to begin? The journey to becoming a Deep Learning expert can be difficult if one does not have the right resources to follow. There are a million resources to refer and it is tough to decide where to start from.,"January 2023, February 2023, March 2023, April 2023, May 2023, June 2023, July 2023, August 2023, September 2023, October 2023, November 2023, December 2023","Getting Started, Overview of the Learning Path, Month-on-Month Plan, Introduction to Deep Learning, Applications of Deep Learning, Setting up your System, Descriptive Statistics and Probability, Python, Exercise : Python, AI&ML Blackbelt Plus Program (Sponsored), Start engaging in data science / deep learning communities, Inferential Statistics, Exercise : Statistics, Partial Derivative, Linear Algebra - Part 1, Linear Regression, Logistic Regression, Exercise : Linear and Logistic Regression, Regularization Techniques (Ridge and Lasso), Project, Start building your GitHub profile, Start building your GitHub profile, Linear Algebra - Part 2, Getting Started with Neural Networks, Understanding Forward Propagation, Understanding Back Propagation, Exercise : Understanding Neural Networks, Build your first Neural Network in Numpy, Frameworks for Deep Learning, Introduction to Keras, Build your first Neural Network in Keras, Project, Start Participating in Competitions, Handling / Pre-processing Images, Exercise, Hyperparameter Tuning, Regularization Techniques, Optimization Algorithms, Exercise, Project, Understanding Convolutional Neural Networks (CNNs), Exercise : CNNs, Hyperparameter Tuning, Transfer Learning, Data Augmentation, Project, Build your resume and apply for Internships, Visualizing Convolutional Neural Networks, Project 3 on CV, Project 4 on CV, Start writing articles, Handling / Pre-processing Text Data, Exercise, Recurrent Neural Networks (RNNs), RNNs - Video, LSTM, GRUs, Transfer Learning for NLP, Project 1 on NLP, Word Embeddings, Exercise, Project 2 on NLP, Attention Models, Attention Models - Text, Project on Attention Models, Unsupervised Deep Learning, Project on Unsupervised Deep Learning, GANs : Video, GANs, Project on GANs, Apply for Jobs and Internships, Way Forward"
A Comprehensive Learning Path to Become a Data Scientist in 2024,Where do I begin? Data science is such a huge field - where do you even start learning about Data Science?,"Overview of the Learning Path 2024, January 2024: Data Science Toolkit, February 2024: Data Visualization, March 2024: Data Exploration, April 2024: Basics of Machine Learning and art of storytelling, May 2024: Advanced Machine Learning, June 2024: Other Machine Learning Concepts, July 2024: Introduction to Deep Learning and Computer Vision, August 2024: Basics of Natural Language Processing, September 2024: Model Deployment, October 2024: Practice and Projects","Overview of Learning Path, Month-on-Month Plan, Your Personalized Learning Path for Data Science, AI&ML Blackbelt Plus Program (Sponsored), Plan for January 2024, Understanding Machine Learning and its impact, Job of Data Scientist, Exercise, Overview of the Course, A brief introduction to Python, Introduction to Python Test, Installing Python, Theory of Operators, Exercise, Understanding Operators in Python, Operators Test, Understanding variables and data types, Variable Test, Variables and Data Types in Python, Understanding Conditional Statements, Exercise, Implementing Conditional Statements in Python, Conditional Statements test, Understanding Looping Constructs, Exercise, Implementing Looping Constructs in Python, Looping Constructs test, Understanding Functions, Implementing Functions in Python, Functions test, A brief introduction to data structure, Data Structure test, Understanding the concept of Lists, Lists test, Implementing Lists in Python, Exercise, Understanding the concept of Dictionaries, Exercise, Implementing Dictionaries in Python, Dictionaries test, Understanding the concept of Standard Libraries, Libraries test, Reading a CSV File in Python - Introduction to Pandas, Reading a CSV file in Python: Implementation, Reading a csv file in Python test, Understanding dataframes and basic operations, DataFrames and basic operations test, Reading dataframes and conduct basic operations in Python, Reading dataframes and conduct basic operations in Python Test, Indexing a Dataframe, Indexing DataFrames test, Exercise, Sorting Dataframes, Merging Dataframes, Quiz: Sorting and Merging dataframes, Apply function, Aggregating data, Quiz: Apply function and Aggregating data, Basics of Matplotlib, Data Visualization using Matplotlib, Quiz: Matplotlib, Basics of Seaborn, Data Visualization using Seaborn, Quiz: Seaborn, Regular Expressions, Understanding Regular Expressions, Quiz: Regular Expressions, Regular Expressions in  Python, Quiz: Regular Expressions in Python, Cheatsheet for Python, Instructions, Quiz, Python Coding Challenge, The Power of VisualizationFREE PREVIEW, What is Data Visualization and Why Should we Use itFREE PREVIEW, Exercise - Definition of Data Visualization, Hans Rosling - 200 Countries 200 Years 4 MinutesFREE PREVIEW, 4 Key Elements of Effective Data VisualizationsFREE PREVIEW, Why Tableau is a Powerful Tool for Professionals, What We Will Cover in this CourseFREE PREVIEW, Compare Tableau Against Power BI and Qlik, The Tableau Range of Products, The 5 Tableau Products you should Know, Installing Tableau Desktop on your System, Installing Tableau Public on your System, Difference Between Tableau Server and Tableau Online, Navigating the Tableau Interface (Part 1), Navigating the Tableau Interface (Part 2), Connecting to Data Sources in Tableau, Understanding the Problem Statement, Download the Superstore Dataset, Loading the Dataset and Getting Familiar with the Variables, Build your First Visualization in Tableau!, Hands-On with Labels and Formatting, Playing Around with Colors, Using Filters to Build a Pivot Structure in Tableau, Exporting your Tableau Worksheet, The Different Chart Types in Tableau, Line Charts - Working with Time Series Data, Building Line Charts in Tableau, Exercise - Sales of Each Category Month-by-Month, Generating Map Visualizations for Geospatial Analysis, Map Visualizations in Tableau, Exercise - Sales by City Analysis, Bar Charts, Histograms, Scatter Plots, Bubble Charts, Pie Charts, Dual Axis Charts in Tableau, Date Dual Axis Charts in Tableau, What are Calculated Fields?, Feature Engineering in Tableau - Average Shipping Time, Exercise - Number of Orders per State, Calculating the Average Order Value, Average Order Value for Product Sub-Categories, What are Parameters in Tableau?, Using Parameters to find Top N Customers, Using Parameters to Analyze Superstore's Variable Values, Joins and their Different Types in Tableau, Performing Data Joining in Tableau, What is Blending? How is it Different from Joins?, Blending Data in Tableau, Download the Coffee Chain Dataset, Introduction to Dashboards and their Use Cases, Reading Material - Dashboards in Tableau, Designing your First Dashboard in Tableau, Using Parameters to Create Dynamic Dashboards, How to Upload your Work to the Tableau Public Gallery, Designing the Blueprint for a Multi-Dashboard View to Analyze Sales, Building Multiple Interlinked Dashboards in Tableau for our Business, The Art of Storytelling, 3-Step Storytelling Framework, Sketching the Story Blueprint, Profits by Region Analysis using Storyboard in Tableau, Capstone Project: Sales and Profit by Segment using Storyboards in Tableau, Getting started with SQL, IntroductionFREE PREVIEW, Why do we need databases?FREE PREVIEW, What is a database?FREE PREVIEW, Some properties of a Good DatabaseFREE PREVIEW, Types of Databases, How data is Stored in Relational Databases, How data is stored in NoSQL databases, Companies using MySQLFREE PREVIEW, Exercise 1, Introduction, Architecture: Client and Server, MySQL Distributions, Local Installation on Mac, Local Installation on Linux, Local Installation on Windows, Licensing, Accessing a remote MySQL server, Graphical user interfaces, Exercise 2, SQL - Installation Guide, Introduction, What exactly is SQL?, History of SQL, Connecting to MySQL, Types of Commands - DDL (Creation/ Deletion/ Updating of Schema, Types of Commands - DML (Manipulating data in tables), Types of Commands - DCL (Managing Access control), Exploring databases, Creating tables, Inserting data in tables, SELECT Statement - Introduction, Datatypes in MySQL, NULL vs NOT NULL, Exercise 3, Introduction, Update command – Concept, Update command – Example, Delete command – Concept, Delete command – Example, Describe command – Concept, Describe command – Example, Alter command – Concept and Example, Exercise 4, Introduction, Importing data from CSV to MySQL, Exporting data from MySQL to CSV, Backing up databases, Restoring databases, Exercise 5, Importing and Exporting Datasets - Troubleshooting Guide, Introduction, Counting Rows and Items, Aggregation Functions – SUM, AVG, STDDEV, Extreme Values Identification – MIN, MAX, Slicing data, Limiting data, Sorting data, Filtering Patterns, Groupings, Rolling up data and Filtering in Groups, Exercise 6, Introduction, Data Eyeballing, Data Dictionary, Questions we need answers of, Analyzing data and creating table structure, Loading data to our MySQL table, Data Analysis – Simple Queries, Data Analysis – Advanced Queries, FIFA19 Players dataset (cleaned) for this Project, Introduction, The need for joins, Different type of joins, The Left Join - Concept, The Left Join – Practical Example, The Inner Join, The Cross Join, The Right Join, The Self Join, Exercise, Introduction, Introduction to Indexing, How indexing works (basics), Relationships, Types of Relationships, Table Constraints – PRIMARY KEY, FOREIGN KEY, UNIQUENESS and AUTO INCREMENT, Exercise, String functions - CONCAT, String functions – Case Conversion, String functions – Trimming Strings, String functions – Extracting Substrings, Date/ Time functions – Current date and time, Date/ Time functions – Extracting date and time from field, Date/ Time functions – Formatting date and time as Strings, Numeric functions, SQL CheatSheet, Exercise, Introduction, Setting up a virtual environment, Installing the required packages, Connecting to MySQL, Connecting to database table and pulling data, Querying the database- INSERT, Querying the database- DELETE, Querying the database- SEARCH, Querying the database- INDEXING, Notes and Resources, Subscribe to Data Science Newsletter and Podcast, Overview of Statistics, Important applications of Statistics, What is Descriptive Statistics?, Introduction to Design experiments, Introduction to Design experiments-Video, Exercise, Visualizing Data, Visualizing Data, Central tendency, Exercise, Variability, Unimodal Distribution of Data, Bimodal Distribution of Data, Normal distribution – Part 1, Normal distribution – Part 2, Z-Score, Introduction to Probability- An Overview, Principal Of Counting, Exercise, Permutation, Exercise, Combination, Exercise, Conditional Probability – Part 1, Conditional Probability – Part 2, Exercise, Binomial Distribution, Random variable, Expectation and variance, Exercise, Cheatsheet for Probability, Statistics: Inferential-Hypothesis Testing, T-test, One Way ANOVA, Chi-square, Cheatsheet on Statistics, Exploratory Data Analysis (EDA)- Data Exploration, Cheatsheet on EDA, Project-1 | Loan Prediction, Project-2 | Big Mart Sales, Linear Algebra, Free Course, Overview of Machine Learning, Understanding Data Science Pipeline, Get Familiarised with Command Line (Linux)- Guide, Linear Regression, Linear Regression-Video, Exercise, Logistic Regression- Part 1, Logistic Regression – Part 2, Exercise, Decision Tree Algorithm, Exercise, Naive Bayes, Support Vector Machine, Regression Project - Big Mart Sales, Classification Project - Loan Prediction, Introduction to Structured Thinking, Commonly Asked Puzzles in Interviews, How to solve Guesstimates?, Excercise: Strategic Thinking, Structured Thinking and Communication Course, Ensemble Learning Basics, Ensemble Learning Basics-Video, Bagging, Boosting, Random Forest - Simplified, Random Forest - Detailed with implementation, Exercise, Boosting - Detailed with implementation, XGBoost, LightGBM, CatBoost, Exercise, Advanced Ensemble Technique - Blending, Advanced Ensemble Learning - Stacking, Cheatsheet for Machine Learning, Image data, Text data, Audio data, Audio data-Video, Projects, Participating in Competitions, Introduction to validation, Different Types of Validation Techniques, K-fold Cross Validation - Implementation, Summary - Validation Techniques, Exercise, Different methods for finding best hyperparameters of an algorithm, Hyperparameter tuning for Random Forest, Hyperparameter tuning for GBM, Hyperparameter tuning for XGBoost, Hyperparameter tuning for LightGBM, Bayesian Hyperparameter Optimization, Feature Engineering, Profile Building, Building your Resume, Up Level your Data Science Resume Course, Ace Data Science Interview Course, Basics of Matrix Algebra, Matrix Calculus, Dimensionality Reduction - Overview, Principal Component Analysis (PCA), Singular Value Decomposition (SVD), Singular Value Decomposition (SVD)-Text, Unsupervised Learning-K Means and Hierarchical Clustering, Clustering - Project, Learn Github, Introduction to Recommendation Systems, Introduction to Recommendation Systems - Video, Project: Recommendation System, Implementation in Python, Introduction to Time Series Forecasting, Handling a Non-Stationary Time Series in Python, Time Series Modeling using ARIMA, Time Series Modeling using Prophet Library, Time Series Project, Project - Black Friday, Setting up the System for Deep Learning, Introduction to Deep Learning, Build your first Neural Network in Numpy, Why are GPUs necessary for Deep Learning?, The Evolution and Core Concepts of Deep Learning & Neural Networks, An Introduction to Implementing Neural Networks using TensorFlow, Introduction to Keras, Optimizing Neural Networks using Keras (with Image recognition case study), Understanding Convolutional Neural Networks (CNNs), Build Image Classification Model using Keras, Exercise, Transfer Learning for Computer Vision, Computer Vision Project 1 : Identify the Apparels, Computer Vision Project 2: Scene Classification, Computer Vision using Deep Learning Course, Computer Vision Course (Sponsored), Cheatsheet for Keras, Write for Analytics Vidhya's Medium Publication, Recurrent Neural Network, Long short Term Memory Networks (LSTM), Gated Recurrent Unit (GRU), Useful resources-GRU, Text Preprocessing, Text Cleaning, Text Classification, Natural Language Processing (NLP) Using Python Course, How to Deploy Machine Learning Models using Flask, Tutorial to deploy Machine Learning models in Production as APIs, Deploying machine learning models using Streamlit – An introductory guide to Model Deployment, An Ode to Model Deployment using Streamlit – Open Sourcing “Typing Tutor for Programmers”, Building a Portfolio with Projects"
Nano Course: Building Large Language Models for Code,"In this Free Nano GenAI Course onBuilding Large Language Models for Code, you will-",Building Large Language Models for Code,"Introduction, Agenda, BigCode Community, Training LLMs for Code from Scratch: Training Data Curation, Training Data Formatting and Preprocessing, Model Architecture, BigCode Ecosystem, Training Frameworks, Model Evaluation, Tools and Descendants of StarCoder"
Machine Learning Summer Training,"This is the second step of theMachine Learning Summer Training, want to know moreclick here.","Overview of the Course, Introduction to Data Science and Machine Learning, Setting up your system, Introduction to Python, Variables and Data Types, Operators, Conditional Statements, Looping Constructs, Data Structures, String Manipulation, Functions, Modules, Packages and Standard Libraries, Handling Text Files in Python, Introduction to Python Libraries for Data Science, Python Libraries for Data Science, Reading Data Files in Python, Preprocessing, Subsetting and Modifying Pandas Dataframes, Sorting and Aggregating Data in Pandas, Visualizing Patterns and Trends in Data, Machine Learning Lifecycle, Problem statement and Hypothesis Generation, Importance of Stats and EDA, Build Your First Predictive Model, Evaluation Metrics, Preprocessing Data, Build Your First ML Model: k-NN, Selecting the Right Model, Linear Models, Project: Customer Churn Prediction, Decision Tree, Feature Engineering, Project: NYC Taxi Trip Duration prediction, Feedback","Overview of the CourseFREE PREVIEW, Knowing each otherFREE PREVIEW, AI&ML Blackbelt Plus Program (Sponsored), Overview of Machine Learning / Data Science, Common Terminology used in Data Science, Applications of Data Science, Installation steps for Windows, Installation steps for Linux, Installation steps for Mac, Introduction to Python, Introduction to Jupyter Notebook, Download Python Module Handouts, Introduction to Variables, Implementing Variables in Python, Introduction to Operators, Implementing Operators in Python, Quiz: Operators, Introduction to Conditional Statements, Implementing Conditional Statements in Python, Quiz: Conditional Statements, Introduction to Looping Constructs, Implementing Loops in Python, Quiz: Loops in Python, Break, Continue and Pass Statements, Quiz: Break, Continue and Pass Statement, Introduction to Data Structures, List and Tuple, Implementing List in Pyhton, Quiz: Lists, List - Project in Python, Implementing Tuple in Python, Quiz: Tuple, Introduction to Sets, Implementing Sets in Python, Quiz: Sets, Introduction to Dictionary, Implementing Dictionary in Python, Quiz: Dictionary, Introduction to String Manipulation, Quiz: String Manipulation, Introduction to Functions, Implementing Functions in Python, Quiz: Functions in Python, Lambda Expression, Quiz: Lambda Expressions, Recursion, Implementing Recursion in Python, Quiz: Recursion, Introduction to Modules, Modules: Intuition, Introduction to Packages, Standard Libraries in Python, User Defined Libraries in Python, Quiz:  Modules, Packages and Standard Libraries, Handling Text Files in Python, Quiz: Handling Text Files, Important Libraries for Data Science, Quiz: Important Libraries for Data Science, Basics of Numpy in Python, Basics of Scipy in Python, Quiz: Numpy and Scipy, Basics of Pandas in Python, Quiz: Pandas, Basics of Matplotlib in Python, Basics of Scikit-Learn in Python, Basics of Statsmodels in Python, Reading Data in Python, Reading CSV files in Python, Reading Big CSV Files in Python, Quiz: Reading CSV files in Python, Reading Excel & Spreadsheet files in Python, Quiz: Reading Excel & Spreadsheet files in Python, Reading JSON files in Python, Quiz: Reading JSON files in Python, Subsetting and Modifying Data in Python, Overview of Subsetting in Pandas I, Overview of Subsetting in Pandas II, Subsetting based on Position, Subsetting based on Label, Subsetting based on Value, Quiz: Subsetting Dataframes, Modifying data in Pandas, Quiz: Modifying Dataframes, Preprocessing, Sorting and Aggregating Data, Sorting the Dataframe, Quiz:  Sorting Dataframes, Concatenating Dataframes in Pandas, Concept of SQL-Like Joins in Pandas, Implementing SQL-Like Joins in Pandas, Quiz: Joins in Pandas, Aggregating and Summarizing Dataframes, Preprocessing Timeseries Data, Quiz: Preprocessing Timeseries Data, Visualizing Trends & Pattern in Data, Basics of Matplotlib, Data Visualization with Matplotlib, Quiz: Matplotlib, Basics of Seaborn, Data Visualization with Seaborn, Quiz: Seaborn, 6 Steps of Machine Learning Lifecycle, Introduction to Predictive Modeling, Defining the Problem statement, Introduction to Hypothesis Generation, Performing Hypothesis generation, Quiz - Performing Hypothesis generation, List of hypothesis, Data Collection/Extraction, Quiz - Data Collection/Extraction, Introduction to Exploratory Data Analysis & Data Insights, Quiz -  Introduction to Exploratory Data Analysis & Data Insights, Role of Statistics in EDA, Descriptive Statistics, Inferential Statistics, Quiz - Descriptive and Inferential Statistics, Introduction and OverviewFREE PREVIEW, Quiz: Introduction and OverviewFREE PREVIEW, Preparing the DatasetFREE PREVIEW, Quiz: Preparing the datasetFREE PREVIEW, Build a Benchmark Model: RegressionFREE PREVIEW, Quiz: Build a Benchmark Model - Regression, Benchmark Model: Regression Implementation, Quiz: Benchmark Model - Regression Implementation, Build a Benchmark Model: Classification, Quiz: Build a Benchmark Model - Classification, Benchmark Model: Classification Implementation, Quiz: Benchmark - Classification Implementation, Introduction to Evaluation Metrics, Quiz: Introduction to Evaluation Metrics, Confusion Matrix, Quiz: Confusion Matrix, Accuracy, Quiz: Accuracy, Alternatives of Accuracy, Quiz: Alternatives of Accuracy, Precision and Recall, Quiz: Precision and Recall, Thresholding, Quiz: Thresholding, AUC-ROC, Quiz: AUC-ROC, Log loss, Quiz: Log loss, Evaluation Metrics for Regression, Quiz: Evaluation Metrics for Regression, R2 and Adjusted R2, Quiz: R2 and Adjusted R2, Dealing with Missing Values in the Data, Quiz: Dealing with missing values in the data, Replacing Missing Values, Quiz: Replacing Missing values, Imputing Missing Values in data, Quiz: Imputing Missing values in data, Working with Categorical Variables, Quiz: Working with categorical data, Working with Outliers, Quiz: Working with outliers, Preprocessing Data for Model Building, Introduction to k-Nearest NeighboursFREE PREVIEW, Quiz: Introduction to k-Nearest NeighboursFREE PREVIEW, Building a kNN model, Quiz: Building a kNN model, Determining right value of k, Quiz: Determining right value of k, How to calculate the distance, Quiz: How to calculate the distance, Issue with distance based algorithms, Quiz: Issue with distance based algorithms, Introduction to sklearn, Implementing k-Nearest Neighbours algorithm, Quiz: Implementing k-Nearest Neighbours algorithm, Introduction to Overfitting and Underfitting Models, Quiz: Introduction to Overfitting and Underfitting Models, Visualizing overfitting and underfitting using knn, Quiz: Visualizing overfitting and underfitting using knn, Selecting the Right Model, What is Validation?, Quiz: What is Validation, Understanding Hold-Out Validation, Quiz: Understanding Hold-Out Validation, Implementing Hold-Out Validation, Quiz: Implementing Hold-Out Validation, Understanding k-fold Cross Validation, Implementing k-fold Cross Validation, Quiz: Understanding k-fold Cross Validation, Quiz: Implementing k-fold Cross Validation, Bias Variance Tradeoff, Quiz: Bias Variance Tradeoff, Introduction to Linear Models, Quiz: Introduction to linear model, Understanding Cost function, Quiz: Understanding Cost function, Understanding Gradient descent (Intuition), Maths behind gradient descent, Convexity of cost function, Quiz: Convexity of Cost function, Quiz: Gradient Descent, Assumptions of Linear Regression, Quiz: Assumptions of linear model, Implementing Linear Regression, Generalized Linear Models, Quiz: Generalized Linear Models, Introduction to Logistic Regression, Quiz: Introduction to logistic regression, Quiz: Logistic Regression, Odds Ratio, Implementing Logistic Regression, Multiclass using Logistic Regression, Quiz: Multi-Class Logistic Regression, Challenges with Linear Regression, Quiz: Challenges with Linear regression, Introduction to Regularisation, Quiz: Introduction to Regularization, Implementing Regularisation, Coefficient estimate for ridge and lasso (Optional), Predicting whether a customer will churn or not, Introduction to Decision Trees, Quiz: Introduction to Decision Trees, Purity in Decision Trees, Quiz: Purity in Decision Trees, Terminologies Related to Decision Trees, Quiz: Terminologies Related to Decision Trees, How to Select the Best Split Point in Decision Trees, Quiz: How to Select the Best Split Point in Decision Trees, Chi-Square, Quiz: Chi-Square, Information Gain, Quiz: Information Gain, Reduction in Variance, Quiz: Reduction in Variance, Optimizing Performance of Decision Trees, Quiz: Optimizing Performance of Decision Trees, Decision Tree Implementation, Introduction to Feature Engineering, Quiz: Introduction to feature engineering, Exercise on Feature Engineering, Overview of the module, Feature Transformation, Quiz: Feature Transformation, Feature Scaling, Quiz: Feature Scaling, Feature Encoding, Quiz: Feature Encoding, Combining Sparse classes, Quiz: Combining Sparse classes, Feature Generation: Binning, Quiz: Feature Generation- Binning, Feature Interaction, Quiz: Feature Interaction, Generating Features: Missing Values, Frequency Encoding, Quiz: Frequency Encoding, Feature Engineering: Date Time Features, Implementing DateTime Features, Quiz: Implementing DateTime Features, Automated Feature Engineering : Feature Tools, Implementing Feature tools, Quiz: Implementing Feature Tools, Exploring the NYC dataset, Predicting the NYC taxi trip duration, Predicting the NYC taxi trip duration, Share Your Feedback about the course., Would  you recommend this course to your Friends."
A Comprehensive Learning Path to Become a Data Engineer in 2022,Where do I begin? Data Engineering is such a huge field - where do you even start learning about Data Engineering?,"Overview of Learning Path 2022, January 2022: Learn Programming, February 2022: Learn Relational Databases, March 2022: Fundamentals of Linux and Cloud Computing, April 2022 : NoSQL Databases, May 2022:  Hadoop Ecosystem, June 2022: Data Warehousing","Overview of Learning Path, Month-on-Month Plan, AI&ML Blackbelt Plus Program (Sponsored), Overview of the Course, A brief introduction to Python, Introduction to Python Test, Installing Python, Become a BlackBelt in Data Science, Theory of Operators, Exercise, Understanding Operators in Python, Operators Test, Understanding variables and data types, Variable Test, Variables and Data Types in Python, Exercise, Understanding Conditional Statements, Exercise, Implementing Conditional Statements in Python, Conditional Statements test, Understanding Looping Constructs, Exercise, Implementing Looping Constructs in Python, Looping Constructs test, Understanding Functions, Implementing Functions in Python, Functions test, A brief introduction to data structure, Data Structure test, Understanding the concept of Lists, Lists test, Implementing Lists in Python, Exercise, Understanding the concept of Dictionaries, Exercise, Implementing Dictionaries in Python, Dictionaries test, Understanding the concept of Standard Libraries, Libraries test, Reading a CSV File in Python - Introduction to Pandas, Reading a CSV file in Python: Implementation, Reading a csv file in Python test, Understanding dataframes and basic operations, DataFrames and basic operations test, Reading dataframes and conduct basic operations in Python, Reading dataframes and conduct basic operations in Python Test, Indexing a Dataframe, Indexing DataFrames test, Exercise, Sorting Dataframes, Merging Dataframes, Quiz: Sorting and Merging dataframes, Apply function, Aggregating data, Quiz: Apply function and Aggregating data, Basics of Matplotlib, Data Visualization using Matplotlib, Quiz: Matplotlib, Basics of Seaborn, Data Visualization using Seaborn, Quiz: Seaborn, Regular Expressions, Understanding Regular Expressions, Quiz: Regular Expressions, Regular Expressions in  Python, Quiz: Regular Expressions in Python, Cheatsheet for Python, Instructions, Quiz, Python Coding Challenge, Test your Skills: Python, Poll, Where to go from here?, Plan for February 2022, 1.1	IntroductionFREE PREVIEW, 1.2	Why do we need databases?FREE PREVIEW, 1.3	What is a database?FREE PREVIEW, 1.4	Some properties of a Good DatabaseFREE PREVIEW, 1.5 Types of Databases, 1.6	How data is Stored in Relational Databases, 1.7	How data is stored in NoSQL databases, 1.8	Companies using MySQLFREE PREVIEW, Exercise 1, Course Handouts, 2.1	Introduction, 2.2	Architecture: Client and Server, 2.3	MySQL Distributions, 2.4	Local Installation on Mac, 2.5	Local Installation on Linux, 2.6	Local Installation on Windows, 2.7	Licensing, 2.8	Accessing a remote MySQL server, 2.9	Graphical user interfaces, Exercise 2, SQL - Installation Guide, 3.1	Introduction, 3.2	What exactly is SQL?, 3.3	History of SQL, 3.4	Connecting to MySQL, 3.5	Types of Commands - DDL (Creation/ Deletion/ Updating of Schema, 3.6	Types of Commands - DML (Manipulating data in tables), 3.7	Types of Commands - DCL (Managing Access control), 3.8	Exploring databases, 3.9	Creating tables, 3.10 Inserting data in tables, 3.11 SELECT Statement - Introduction, 3.12 Datatypes in MySQL, 3.13 NULL vs NOT NULL, Exercise 3, 4.1	Introduction, 4.2	Update command – Concept, 4.3	Update command – Example, 4.4	Delete command – Concept, 4.5	Delete command – Example, 4.6	Describe command – Concept, 4.7	Describe command – Example, 4.8	Alter command – Concept and Example, Copy of Exercise 4, 5.1	Introduction, 5.2	Importing data from CSV to MySQL, 5.3	Exporting data from MySQL to CSV, 5.4	Backing up databases, 5.5	Restoring databases, Exercise 5, Importing and Exporting Datasets - Troubleshooting Guide, 6.1	Introduction, 6.2	Counting Rows and Items, 6.3	Aggregation Functions – SUM, AVG, STDDEV, 6.4	Extreme Values Identification – MIN, MAX, 6.5	Slicing data, 6.6	Limiting data, 6.7	Sorting data, 6.8	Filtering Patterns, 6.9	Groupings, Rolling up data and Filtering in Groups, Exercise 6, 7.1	Introduction, 7.2	Data Eyeballing, 7.3	Data Dictionary, 7.4	Questions we need answers of, 7.5	Analyzing data and creating table structure, 7.6	 Loading data to our MySQL table, 7.7	Data Analysis – Simple Queries, 7.8	Data Analysis – Advanced Queries, FIFA19 Players dataset (cleaned) for this Project, 8.1 Introduction, 8.2.	The need for joins, 8.3.	Different type of joins, 8.4.	The Left Join - Concept, 8.5.	The Left Join – Practical Example, 8.6.	The Inner Join, 8.7.	The Cross Join, 8.8.	The Right Join, 8.9.	The Self Join, Assignment: Share your learning and build your profile, Exercise, 9.1.	 Introduction, 9.2.	 Introduction to Indexing, 9.3.	How indexing works (basics), 9.4.	Relationships, 9.5.	Types of Relationships, 9.6.	Table Constraints – PRIMARY KEY, FOREIGN KEY, UNIQUENESS and AUTO INCREMENT, Exercise, 10.1 String functions - CONCAT, 10.2 String functions – Case Conversion, 10.3 String functions – Trimming Strings, 10.4 String functions – Extracting Substrings, 10.5 Date/ Time functions – Current date and time, 10.6 Date/ Time functions – Extracting date and time from field, 10.7 Date/ Time functions – Formatting date and time as Strings, 10.8 Numeric functions, SQL CheatSheet, Exercise, 11.1 Introduction, 11.2 Setting up a virtual environment, 11.3 Installing the required packages, 11.4 Connecting to MySQL, 11.5 Connecting to database table and pulling data, 11.6 Querying the database- INSERT, 11.7 Querying the database- DELETE, 11.8 Querying the database- SEARCH, 11.9 Querying the database- INDEXING, 11.10 Notes and Resources, Exercise, Basic Linux Commands, Introduction to Cloud Computing, Cloud Deployment Models, Service Models, Resources: Learn about AWS, Creating Databases and Collections, Inserting Documents, Reading Documents, The _id Field, Importing and Exporting Data, Backup and Restore MongoDB Databases, Updating Documents, Deleting Documents, Collections and Databases, CRUD Operations in MongoDB Atlas, Importing, Exporting and Working with MongoDB Atlas, What is Big Data?, Challenges with Big Data, Applications of Big Data, Distributed Systems, What is Hive, Features of Hive, Working of Hive"
Writing Powerful Data Science Articles,"""Either write something worth reading or do something worth writing."" - Benjamin Franklin","Welcome to the Data Science Writing Crash Course!, Crash Course - How to Write Powerful Data Science Articles, Expert Talk: Writing Powerful Data Science Articles with Parul Pandey, Next Steps...","Why did we create this course?, AI&ML Blackbelt Plus Program (Sponsored), Session #1 - How to Write Powerful and Impactful Data Science Articles, Session #2 - Writing Data Science Articles that Grab your Reader's Attention, Expert Talk: Parul Pandey on Writing Powerful Data Science Articles, Congrats! Here's what's next"
Machine Learning Certification Course for Beginners,Machine Learning is the science of teaching machines how to learn by themselves. Machine Learning is reshaping and revolutionizing the world and disrupting industries and job functions globally.,"Overview of the Course, Introduction to Data Science and Machine Learning, Setting up your system, Introduction to Python, Variables and Data Types, Operators, Conditional Statements, Looping Constructs, Data Structures, String Manipulation, Functions, Modules, Packages and Standard Libraries, Handling Text Files in Python, Introduction to Python Libraries for Data Science, Python Libraries for Data Science, Reading Data Files in Python, Preprocessing, Subsetting and Modifying Pandas Dataframes, Sorting and Aggregating Data in Pandas, Visualizing Patterns and Trends in Data, Machine Learning Lifecycle, Problem statement and Hypothesis Generation, Importance of Stats and EDA, Build Your First Predictive Model, Evaluation Metrics, Preprocessing Data, Build Your First ML Model: k-NN, Selecting the Right Model, Linear Models, Project: Customer Churn Prediction, Decision Tree, Feature Engineering, Project: NYC Taxi Trip Duration prediction","Overview of the CourseFREE PREVIEW, Knowing each otherFREE PREVIEW, AI&ML Blackbelt Plus Program (Sponsored), Overview of Machine Learning / Data Science, Common Terminology used in Data Science, Applications of Data Science, Installation steps for Windows, Installation steps for Linux, Installation steps for Mac, Introduction to Python, Introduction to Jupyter Notebook, Download Python Module Handouts, Introduction to Variables, Implementing Variables in Python, Introduction to Operators, Implementing Operators in Python, Quiz: Operators, Introduction to Conditional Statements, Implementing Conditional Statements in Python, Quiz: Conditional Statements, Introduction to Looping Constructs, Implementing Loops in Python, Quiz: Loops in Python, Break, Continue and Pass Statements, Quiz: Break, Continue and Pass Statement, Introduction to Data Structures, List and Tuple, Implementing List in Pyhton, Quiz: Lists, List - Project in Python, Implementing Tuple in Python, Quiz: Tuple, Introduction to Sets, Implementing Sets in Python, Quiz: Sets, Introduction to Dictionary, Implementing Dictionary in Python, Quiz: Dictionary, Introduction to String Manipulation, Quiz: String Manipulation, Introduction to Functions, Implementing Functions in Python, Quiz: Functions in Python, Lambda Expression, Quiz: Lambda Expressions, Recursion, Implementing Recursion in Python, Quiz: Recursion, Introduction to Modules, Modules: Intuition, Introduction to Packages, Standard Libraries in Python, User Defined Libraries in Python, Quiz:  Modules, Packages and Standard Libraries, Handling Text Files in Python, Quiz: Handling Text Files, Important Libraries for Data Science, Quiz: Important Libraries for Data Science, Basics of Numpy in Python, Basics of Scipy in Python, Quiz: Numpy and Scipy, Basics of Pandas in Python, Quiz: Pandas, Basics of Matplotlib in Python, Basics of Scikit-Learn in Python, Basics of Statsmodels in Python, Reading Data in Python, Reading CSV files in Python, Reading Big CSV Files in Python, Quiz: Reading CSV files in Python, Reading Excel & Spreadsheet files in Python, Quiz: Reading Excel & Spreadsheet files in Python, Reading JSON files in Python, Quiz: Reading JSON files in Python, Subsetting and Modifying Data in Python, Overview of Subsetting in Pandas I, Overview of Subsetting in Pandas II, Subsetting based on Position, Subsetting based on Label, Subsetting based on Value, Quiz: Subsetting Dataframes, Modifying data in Pandas, Quiz: Modifying Dataframes, Preprocessing, Sorting and Aggregating Data, Sorting the Dataframe, Quiz:  Sorting Dataframes, Concatenating Dataframes in Pandas, Concept of SQL-Like Joins in Pandas, Implementing SQL-Like Joins in Pandas, Quiz: Joins in Pandas, Aggregating and Summarizing Dataframes, Preprocessing Timeseries Data, Quiz: Preprocessing Timeseries Data, Visualizing Trends & Pattern in Data, Basics of Matplotlib, Data Visualization with Matplotlib, Quiz: Matplotlib, Basics of Seaborn, Data Visualization with Seaborn, Quiz: Seaborn, 6 Steps of Machine Learning Lifecycle, Introduction to Predictive Modeling, Defining the Problem statement, Introduction to Hypothesis Generation, Performing Hypothesis generation, Quiz - Performing Hypothesis generation, List of hypothesis, Data Collection/Extraction, Quiz - Data Collection/Extraction, Introduction to Exploratory Data Analysis & Data Insights, Quiz -  Introduction to Exploratory Data Analysis & Data Insights, Role of Statistics in EDA, Descriptive Statistics, Inferential Statistics, Quiz - Descriptive and Inferential Statistics, Introduction and OverviewFREE PREVIEW, Quiz: Introduction and OverviewFREE PREVIEW, Preparing the DatasetFREE PREVIEW, Quiz: Preparing the datasetFREE PREVIEW, Build a Benchmark Model: RegressionFREE PREVIEW, Quiz: Build a Benchmark Model - Regression, Benchmark Model: Regression Implementation, Quiz: Benchmark Model - Regression Implementation, Build a Benchmark Model: Classification, Quiz: Build a Benchmark Model - Classification, Benchmark Model: Classification Implementation, Quiz: Benchmark - Classification Implementation, Introduction to Evaluation Metrics, Quiz: Introduction to Evaluation Metrics, Confusion Matrix, Quiz: Confusion Matrix, Accuracy, Quiz: Accuracy, Alternatives of Accuracy, Quiz: Alternatives of Accuracy, Precision and Recall, Quiz: Precision and Recall, Thresholding, Quiz: Thresholding, AUC-ROC, Quiz: AUC-ROC, Log loss, Quiz: Log loss, Evaluation Metrics for Regression, Quiz: Evaluation Metrics for Regression, R2 and Adjusted R2, Quiz: R2 and Adjusted R2, Dealing with Missing Values in the Data, Quiz: Dealing with missing values in the data, Replacing Missing Values, Quiz: Replacing Missing values, Imputing Missing Values in data, Quiz: Imputing Missing values in data, Working with Categorical Variables, Quiz: Working with categorical data, Working with Outliers, Quiz: Working with outliers, Preprocessing Data for Model Building, Introduction to k-Nearest NeighboursFREE PREVIEW, Quiz: Introduction to k-Nearest NeighboursFREE PREVIEW, Building a kNN model, Quiz: Building a kNN model, Determining right value of k, Quiz: Determining right value of k, How to calculate the distance, Quiz: How to calculate the distance, Issue with distance based algorithms, Quiz: Issue with distance based algorithms, Introduction to sklearn, Implementing k-Nearest Neighbours algorithm, Quiz: Implementing k-Nearest Neighbours algorithm, Introduction to Overfitting and Underfitting Models, Quiz: Introduction to Overfitting and Underfitting Models, Visualizing overfitting and underfitting using knn, Quiz: Visualizing overfitting and underfitting using knn, Selecting the Right Model, What is Validation?, Quiz: What is Validation, Understanding Hold-Out Validation, Quiz: Understanding Hold-Out Validation, Implementing Hold-Out Validation, Quiz: Implementing Hold-Out Validation, Understanding k-fold Cross Validation, Implementing k-fold Cross Validation, Quiz: Understanding k-fold Cross Validation, Quiz: Implementing k-fold Cross Validation, Bias Variance Tradeoff, Quiz: Bias Variance Tradeoff, Introduction to Linear Models, Quiz: Introduction to linear model, Understanding Cost function, Quiz: Understanding Cost function, Understanding Gradient descent (Intuition), Maths behind gradient descent, Convexity of cost function, Quiz: Convexity of Cost function, Quiz: Gradient Descent, Assumptions of Linear Regression, Quiz: Assumptions of linear model, Implementing Linear Regression, Generalized Linear Models, Quiz: Generalized Linear Models, Introduction to Logistic Regression, Quiz: Introduction to logistic regression, Quiz: Logistic Regression, Odds Ratio, Implementing Logistic Regression, Multiclass using Logistic Regression, Quiz: Multi-Class Logistic Regression, Challenges with Linear Regression, Quiz: Challenges with Linear regression, Introduction to Regularisation, Quiz: Introduction to Regularization, Implementing Regularisation, Coefficient estimate for ridge and lasso (Optional), Predicting whether a customer will churn or not, Introduction to Decision Trees, Quiz: Introduction to Decision Trees, Purity in Decision Trees, Quiz: Purity in Decision Trees, Terminologies Related to Decision Trees, Quiz: Terminologies Related to Decision Trees, How to Select the Best Split Point in Decision Trees, Quiz: How to Select the Best Split Point in Decision Trees, Chi-Square, Quiz: Chi-Square, Information Gain, Quiz: Information Gain, Reduction in Variance, Quiz: Reduction in Variance, Optimizing Performance of Decision Trees, Quiz: Optimizing Performance of Decision Trees, Decision Tree Implementation, Introduction to Feature Engineering, Quiz: Introduction to feature engineering, Exercise on Feature Engineering, Overview of the module, Feature Transformation, Quiz: Feature Transformation, Feature Scaling, Quiz: Feature Scaling, Feature Encoding, Quiz: Feature Encoding, Combining Sparse classes, Quiz: Combining Sparse classes, Feature Generation: Binning, Quiz: Feature Generation- Binning, Feature Interaction, Quiz: Feature Interaction, Generating Features: Missing Values, Frequency Encoding, Quiz: Frequency Encoding, Feature Engineering: Date Time Features, Implementing DateTime Features, Quiz: Implementing DateTime Features, Automated Feature Engineering : Feature Tools, Implementing Feature tools, Quiz: Implementing Feature Tools, Exploring the NYC dataset, Predicting the NYC taxi trip duration, Predicting the NYC taxi trip duration"
Data Science Career Conclave - Transition to Data Science!,"It feels like half the world wants to move into data science these days, with spectacular perks and a plethora of openings on offer in the industry. Organizations are investing heavily in data science talent to stay or move ahead of their competitors. As a data science aspirant, you couldn’t have picked a better time to change your career!",Career Conclave,"Introduction to the Career Conclave, Different Roles in Data Science - Which Role is Right For You?, What are Hiring Managers Really Looking For?, How to Build your Digital Profile for Data Science, Panel Discussion: How can you Transition into Data Science in 12 Months?, AI&ML Blackbelt Plus Program (Sponsored)"
Top Data Science Projects for Analysts and Data Scientists,This is a very common question interviewers ask in data science interviews. We have conducted hundreds of these interviews for both data analyst and data scientist roles and this is quite often the jackpot question. This is especially true if you’re a fresher or a relative newcomer to data science.,"Welcome to the course!, Machine Learning Projects, Deep Learning Projects, Computer Vision Projects, Natural Language Processing (NLP) Projects, Reinforcement Learning Projects, Data Engineering Projects, Other Data Science Projects","About the Data Science Projects Course, AI&ML Blackbelt Plus Program (Sponsored), Machine Learning Visuals – A Brilliant Way to Communicate, PandaPy – Your New Favorite Python Library, VisualDL, Real-Time Audio Analysis using PyAudio, OpenAI’s Jukebox: A Generative Model for Music, Graph Neural Networks in TensorFlow 2.0, Facebook AI's Detectron, Caire - Image Resizing, AlphaPose, FastPhotoStyle, Facebook AI’s DEtection TRansformer (DETR), Real-Time Image Animation, Convert Any Image into a 3D Photo, Transform an Image into a Cartoon Illustration, One-Shot Multi-Object Tracking, GAN Compression, StyleGAN2 – A New State-of-the-Art GAN!, Real-Time Person Removal using TensorFlow.js, Computer Vision Basics in Microsoft Excel, Open AI's GPT-3, NLP Paper Summaries, Google’s ELECTRA, Reformer – The Efficient Transformer in PyTorch, DeepReinforcementLearning, Minigo, The Goodreads Machine Learning Pipeline, Awesome Software Engineering for Machine Learning, TextShot, ShyNet – Privacy-Friendly and Cookie-Free Web Analytics, Coronavirus Time Series Data, Google Brain AutoML, ggbump – Data Visualization in R!, Google Earth Engine – 300+ Jupyter Notebooks to Analyze Geospatial Data, AVA – Automated Visual Analytics"
Getting Started with Git and GitHub for Data Science Professionals,Ever heard of version control? It is one of the most important concepts in a data scientist’s daily role - and yet most newcomers and beginners haven’t even come across it! This is a fallacy you must overcome as soon as possible.,"Getting Familiar with Git and Github, Understand Git Terminology, Get Started with Git, Going Remote - Get started with Github, What's next?","What is Git?, What is Github?, AI&ML Blackbelt Plus Program (Sponsored), What is a Repository?, Understand Cloning, Let's Commit!, Understanding Push, Understanding Pull, Install Git in your system, Let's Initialize Git!, Configure Git in your system, Committing files in Git, View Logs in Git, Create Remote Repository, Add Git Remote to Your Repository, Push using Git, Cloning a GitHub Repository, Branching and Merging, Pull using Git, Forking and contributing to the world"
Machine Learning Starter Program,We generate more than 2.5 quintillion bytes of data every day - and companies across the globe are hiring data scientists to make sense of this data.,No Chapters,No Lessons
"Data Science Hacks, Tips and Tricks","The Data Science Hacks, Tips and Tricks course is your one stop destination to become a better and more efficient data scientist!","Introduction to Data Science Hacks, Tips and Tricks Course, Data Science Hack #1 - Resource Downloader, Data Science Hack #2 - Pandas Apply, Data Science Hack #3 - how to extract email addresses from text?, Data Science Hack #4 - Pandas Boolean Indexing, Data Science Hack #5 - Pandas Pivot Table, Data Science Hack #6 - Splitting a String in Python, Data Science Hack #7  - Transforming distributions to Normal Distributions, Data Science Hack #8  - Remove Emojis from text, Data Science Hack #9 - Elbow method for kNN classifier, Data Science Hack #10 - Pandas crosstab for quick exploratory analysis, Data Science Hack #11  - Scaling features using MinMax Scaler, Data Science Hack #12  - Feature Engineering for Date Time Features, Data Science Hack #13 - Creating dummy test data using sklearn, Data Science Hack #14 - Image Augmentation to increase size of Training data, Data Science Hack #15 - Fast Tokenization using Hugging Face, Data Science Hack #16 - Stratified sampling using sklearn, Data Science Hack #17 - Reading html files using Pandas read_html, Data Science Hack #18 - Extract different data types into different dataframes, Data Science Hack #19 - Pandas profiling for quick exploratory analysis, Data Science Hack #20 - Change wide form dataframe to Long form dataframe, Data Science Hack #21 - Magic functions in Jupyter notebooks, Data Science Hack #22 - Set Jupyter theme, Data Science Hack #23 Change Cell width in Jupyter notebook, Data Science Hack #24 - Change Datatype to datetime, Data Science Hack #25 - Sharing jupyter notebook, Data Science Hack #26 - Visualize Decision Tree, Data Science Hack #27 - Invert Dictionary in Python, Data Science Hack #28 Visualize Interactive plot, Data Science Hack #29 - Write python file directly from jupyter notebook cell, Data Science Hack #31 Feature Selection, Data Science Hack #32 Convert string into characters, Data Science Hack #33 Apply pandas in parallel, Data Science Hack #34 Convert Date format, Data Science Hack #35 Make images of same size, Data Science Hack #36 Regex testing and debugging","About the Data Science Hacks, Tips and Tricks Course, AI&ML Blackbelt Plus Program (Sponsored), Resource Downloader, Pandas Apply, Extract E-mails from text, Pandas Boolean Indexing, Pandas Pivot Table, str.split(), Normal Distribution, Remove Emojis from text, Elbow method for classifier, Pandas crosstab, MinMax Scaler, Feature engineering for time series data, Dummy data for Linear Regression, Image Augmentation, Tokenize by Hugging Face, Stratify - Splitting data proportionately, Reading HTML file, Divide Continuous and categorical data, Pandas Profilling, Formatting of DataFrames, Magic function- %history, Setting up Dark Jupyter notebook theme, Use Jupyter-themes to change cell width, Use parse_dates in read_csv, Use Jupyter nbviewer to share ipynb, Decision Tree Plotting, Reversing Dictionary, Interactive Plot using cufflinks, Using %%writefile and %run  magic functions, Feature Selection using Sklearn's SelectFromModel, Easiest way to convert string into characters, Pandarellel - Pandas in parallel, Date Parser, Resize Images, Regex 101"
Introduction to Business Analytics,Getting Started with Business Analytics,"What is Business Analytics?, Spectrum of Business Analytics, Skills Required for Business Analytics and Roadmap of Business Analytics Program, Case study: Ezine Publishing","What is Business Analytics?, Quiz: What is Business Analytics, You just joined an exicting startup!, Quiz - Map the Job families, Data Scientist vs. Data Engineer vs. Business Analyst, Quiz - Map the responsibilities, Sample problems and projects - Business Analytics vs. Data Science, Quiz: Sample problems and Projects - Business Analysts vs. Data Scientits, A few more things - Business Analytics vs. Data Science, Career in Business Analytics, Knowing Each other, AI&ML Blackbelt Plus Program (Sponsored), Terms related to Business Analytics, Management Information Systems (MIS), Detective Analysis, Business Intelligence, Predictive Modeling, Artificial Intelligence and Machine Learning, What kind of problems do Business Analysts work on?, Skills Required in Business Analytics Roles, Download the Roadmap for Certified Business Analytics Program (CBAP), Bonus Section - Logistics of Certified Business Analytics Program from Analytics Vidhya, Overview - Case study - Ezine Publishing, Understanding Business, Quiz: Identify Focus Categories, Quiz: Getting Granular with traffic data, Quiz - Identify effective channel, Quiz - Maximize Revenue, Quiz - Target Customers, Quiz: Traffic Distribution, Quiz - Advertisements, Where to go from here?"
Introduction to PyTorch for Deep Learning,Welcome to the world of PyTorch - a deep learning framework that has changed and re-imagined the way we build deep learning models.,"What is PyTorch?, Neural Networks, Implementing a Neural Network in Pytorch, Deep Learning on Pytorch","Getting Started with PyTorch, Why should we use PyTorch?, A word from the creators of PyTorch, Tensors in PyTorch, Mathematical Operations in PyTorch(vs. NumPy), Matrix Operations in PyTorch(vs. NumPy), Tensor Operations, AI&ML Blackbelt Plus Program (Sponsored), Getting started with Neural Networks, Exercise : Getting started with Neural Networks, Independent and Dependent Variables, Understanding Forward Propagation, Exercise : Forward Propagation, Error and Reason for Error, Exercise : Error and Reason for Error, Gradient Descent Intuition, Understanding Math Behind Gradient Descent, Exercise : Gradient Descent, Back Propagation, Exercise : Back Propagation, Summary of the Module, Modules in PyTorch - Autograd, Modules in PyTorch: Optim, Modules in PyTorch: nn, Implementing a Neural Network from Scratch, Case Study – Solving an Image Recognition problem in PyTorch, Other Use cases for  Deep Learning in PyTorch, What Next?"
Introduction to Natural Language Processing,"Natural Language Processing is the art of extracting information from unstructured text. Learn basics of Natural Language Processing, Regular Expressions & text sentiment analysis using machine learning in this course.","Module 1 : Introduction to Natural Language Processing, Module 2: Learn to use Regular Expressions, Module 3: First Step of NLP - Text Processing, Module 4: NLP Certification Exam, Module 5: Where to go from here?","Welcome to the Course, About the Course, Introduction to Natural Language Processing, Exercise : Introduction to Natural Language Processing, Python for Data Science (Optional), AI&ML Blackbelt Plus Program (Sponsored), Welcome to Module, Understanding Regular Expression, Implementing Regular Expression in Python, Exercise : Implementing Regular Expression in Python, Welcome to Module, Tokenization and Text Normalization, Exercise : Tokenization and Text Normalization, Exploring Text Data, Part of Speech Tagging and Grammar Parsing, Exercise : Part of Speech Tagging and Grammar Parsing, Implementing Text Pre-processing Using NLTK, Exercise : Implementing Text Pre-processing Using NLTK, Build a Basic ML Model for Text Classification, NLP Exam, Where to go from here?"
Getting started with Decision Trees,"A Decision Tree is a flowchart like structure, where each node represents a decision, each branch represents an outcome of the decision, and each terminal node provides a prediction / label.",Getting Started with Decision Tree,"Introduction to Decision Tree, Purity in Decision Trees, Quiz: Purity in Decision Trees, Terminologies Related to Decision Trees, Quiz: Introduction to Decision Trees, Terminologies Related to Decision Trees, How to Select the Best Split Point in Decision Trees, Quiz: How to Select the Best Split Point in Decision Trees, Chi-Square, Quiz: Chi-Square, Information Gain, Quiz: Information Gain, Reduction in Variance, Quiz: Reduction in Variance, Optimizing Performance of Decision Trees, Quiz: Optimizing Performance of Decision Trees, Decision Tree Implementation, Dataset: Decision Tree Implementation, Test your Skills: Decision Tree, Where to go from here?, AI&ML Blackbelt Plus Program (Sponsored)"
Introduction to Python,Do you want to enter the field of Data Science? Are you intimidated by the coding you would need to learn? Are you looking to learn Python to switch to a data science career?,"Overview of the Course, Introduction to Python, Understanding Operators, Variables and Data Types, Conditional Statements, Looping Constructs, Functions, Data Structure, Lists, Dictionaries, Understanding Standard Libraries in Python, Reading a CSV File in Python, Data Frames and basic operations with Data Frames, Indexing a Data Frame, Data Manipulation and Visualization, Regular Expressions, Cheatsheet for Python, Evaluate, Feedback, Where to go from here?","Overview of the Course, AI&ML Blackbelt Plus Program (Sponsored), A brief introduction to Python, Introduction to Python Test, Installing Python, Become a BlackBelt in Data Science, Theory of Operators, Exercise, Understanding Operators in Python, Operators Test, Understanding variables and data types, Variable Test, Variables and Data Types in Python, Exercise, Understanding Conditional Statements, Exercise, Implementing Conditional Statements in Python, Conditional Statements test, Understanding Looping Constructs, Exercise, Implementing Looping Constructs in Python, Looping Constructs test, Understanding Functions, Implementing Functions in Python, Functions test, A brief introduction to data structure, Data Structure test, Understanding the concept of Lists, Lists test, Implementing Lists in Python, Exercise, Understanding the concept of Dictionaries, Exercise, Implementing Dictionaries in Python, Dictionaries test, Understanding the concept of Standard Libraries, Libraries test, Reading a CSV File in Python - Introduction to Pandas, Reading a CSV file in Python: Implementation, Reading a csv file in Python test, Understanding dataframes and basic operations, DataFrames and basic operations test, Reading dataframes and conduct basic operations in Python, Reading dataframes and conduct basic operations in Python Test, Indexing a Dataframe, Indexing DataFrames test, Exercise, Sorting Dataframes, Merging Dataframes, Quiz: Sorting and Merging dataframes, Apply function, Aggregating data, Quiz: Apply function and Aggregating data, Basics of Matplotlib, Data Visualization using Matplotlib, Quiz: Matplotlib, Basics of Seaborn, Data Visualization using Seaborn, Quiz: Seaborn, Understanding Regular Expressions, Quiz: Regular Expressions, Regular Expressions in  Python, Quiz: Regular Expressions in Python, Cheatsheet for Python, Instructions, Quiz, Python Coding Challenge, Test your Skills: Python, Poll, Where to go from here?"
Loan Prediction Practice Problem (Using Python),This course is designed for people who want to solve binary classification problems. Classification is a skill every Data Scientist should be well versed in.,Loan Prediction : Practice Problem,"Introduction to the Course, Table of Contents, Problem Statement, Hypothesis Generation, Exercise 2  | Discussion, Getting the system ready and loading the data, Understanding the Data, Univariate Analysis, Bivariate Analysis, Missing Value and Outlier Treatment, Evaluation Metrics for Classification Problems, Model Building : Part I, Logistic Regression using stratified k-folds cross validation, Feature Engineering, Model Building : Part II, AI&ML Blackbelt Plus Program (Sponsored)"
Big Mart Sales Prediction Using R,"Sales prediction is a very common real life problem that each company faces at least once in its life time. If done correctly, it can have a significant impact on the success and performance of that company.",Big Mart Sales,"Overview of the Course, Table of contents, Problem Statement, Hypothesis Generation, Loading Packages and Data, Understanding the Data, Univariate Analysis, Bivariate Analysis, Missing Value Treatment, Feature Engineering, Encoding Categorical Variables, PreProcessing Data, Model Building, Linear Regression, Regularized Linear Regression, Random Forest, XGBoost, Summary, AI&ML Blackbelt Plus Program (Sponsored)"
Twitter Sentiment Analysis,,Twitter Sentiment Analysis (Using Python),"Overview of the Course, Understand the Problem Statement, Table of Contents, Loading Libraries and Data, Data Inspection, Data Cleaning, Story Generation and Visualization from Tweets, Bag-of-Words Features, TF-IDF Features, Word2Vec Features, Modeling, Logistic Regression, Support Vector Machine (SVM), RandomForest, XGBoost, FineTuning XGBoost + Word2Vec, Summary, AI&ML Blackbelt Plus Program (Sponsored)"
Pandas for Data Analysis in Python,"Pandas is one of the most popular Python libraries in data science. In fact, Pandas is among those elite libraries that draw instant recognition from programmers of all backgrounds, from developers to data scientists.","Getting Started with Pandas, Dataset Description, Read & Write Data using Pandas, Pandas Dataframes, Data Exploration using Pandas, Data Manipulation using Pandas, Aggregating data using Pandas, Merging Data using Pandas, Pandas Cheatsheet","Introduction to the Course, Pandas Installation, AI&ML Blackbelt Plus Program (Sponsored), Loan Prediction, Big Mart Sales, Understanding File System & shell commands, Reading Excel & CSV files, Writing Data using Pandas, Quiz: Reading a csv file using Pandas, What are Pandas Dataframes & its operations?, Selecting Columns & Rows in Pandas (Indexing), Quiz: DataFrames and basic operations, Basic Descriptive Statistics using Pandas, Plotting using Pandas, Quiz: Data Exploration using Pandas, Renaming Column using Pandas, Sorting Data in Pandas DataFrame, Binning using Pandas, Handling Missing Values, Apply Function in Pandas for Element wise Operations, Quiz: Pandas Apply Function, Types of Aggregations in Pandas, Aggregations using Pandas in action, Quiz: Aggregations in Pandas, Merging Data in Pandas Dataframes, Quiz: Merging Data using Pandas, Pandas Cheatsheet"
Support Vector Machine (SVM) in Python and R,Want to learn the popular machine learning algorithm - Support Vector Machines (SVM)? Support Vector Machines can be used to build both Regression and Classification Machine Learning models.,"Introduction to Support Vector Machines, How does SVM work?, SVM Kernels and Hyperparameters, Implementing SVM in Python, Implementing SVM in R, Challenges of SVM","What are Support Vector Machines?, Why do we use SVM and how is it better?, AI&ML Blackbelt Plus Program (Sponsored), Non-linear Separation and Margins, Hyperplanes in SVM, Quiz: Support Vector Machine, Types of Kernels used in SVM, Quiz: Kernel Tricks, Hyperparameter tuning in SVM, Implementing Support Vector Machine, How to implement Support Vector Machine Classifier in R?, Drawbacks of SVM, What next?"
Evaluation Metrics for Machine Learning Models,"Evaluation metrics form the backbone of improving your machine learning model. Without these evaluation metrics, we would be lost in a sea of machine learning model scores - unable to understand which model is performing well.","Introduction, Evaluation Metrics: Classification, Evaluation Metrics: Regression, What Next?","Types of Machine Learning, Why do we need Evaluation Metrics?, AI&ML Blackbelt Plus Program (Sponsored), Confusion Matrix, Quiz: Confusion Matrix, Accuracy, Quiz: Accuracy, Alternatives of Accuracy, Quiz: Alternatives of Accuracy, Precision and Recall, Quiz: Precision and Recall, F-Score, Thresholding, AUC-ROC, Quiz: AUC-ROC, Log Loss, Quiz: Log Loss, Gini Coefficient, MAE and MSE, RMSE and RMSLE, Quiz: RMSE and RMSLE, R2 and Adjusted R2, R2 and Adjusted R2, Cross-Validation, The Way Forward"
Fundamentals of Regression Analysis,"Linear regression and logistic regression are typically the first algorithms we learn in data science. These are two key concepts not just in machine learning, but in statistics as well.","Welcome to the course!, Introduction to Regression, Types of Regression, Linear Regression, Logistic Regression, Ridge Regression, Lasso Regression, Selecting the Right Model, What next?","Welcome!, What is Regression Analysis?, Why do we use Regression?, AI&ML Blackbelt Plus Program (Sponsored), How many types of regression techniques do we have?, Introduction to Linear Models, Understanding Cost function, Understanding Gradient descent (Intuition), Maths behind gradient descent, Convexity of cost function, Assumptions of Linear Regression, Implementing Linear Regression, Generalized Linear Models, Introduction to Logistic Regression, Odds Ratio, Implementing Logistic Regression, Multiclass using Logistic Regression, Challenges with Linear Regression, What is Ridge Regression?, Notebook, What is Lasso Regression?, Implementation, How to select the right regression model?, What Next?"
Getting Started with scikit-learn (sklearn) for Machine Learning,"Scikit-learn, or sklearn for short, is the first Python library we turn to when building machine learning models. Sklearn is unanimously the favorite Python library among data scientists. As a newcomer to machine learning, you should be comfortable with sklearn and how to build ML models, including:","Welcome to the course!, scikit-learn in Python, Use of Scikit-learn in Data Science Life Cycle, Use of Scikit-Learn in Model Building, Machine Learning pipeline using scikit-learn!, Next Steps...","Welcome to this course, What is scikit-learn?, Components of scikit-learn, Community / Organizations using scikit-learn, Introduction to Data Science Life Cycle, Scikit-learn for Data Preprocessing, Treating missing values, Treating Outliers, Feature Engineering, Dimensionality Reduction, Introduction to Model Building and Evaluation, Regression, Classification, Clustering, Introduction, Understanding Problem Statement, Building a prototype model, Data Exploration and Preprocessing, Encode the categorical variables, Scale the data, Model Building, Feature Importance, Identifying features to build the ML pipeline, Pipeline Design, Building Pipeline, Predict the Target, Conclusion"
Convolutional Neural Networks (CNN) from Scratch,"Convolutional Neural Networks, or CNN as they’re popularly called, are the go-to deep learning architecture for computer vision tasks, such as object detection, image segmentation, facial recognition, among others. CNNs have even been extended to the field of video analysis!","Introduction to Neural Networks, Introduction to CNNs, Architecture of a CNN, Mathematics behind CNNs, Implementing a CNN, What Next?","What is a Neural Network?, Types of Neural Networks, Prerequisites, AI&ML Blackbelt Plus Program (Sponsored), What is a Convolutional Neural Network?, Why should you use a CNN, The Convolutional Layer, The Pooling Layer, The Ouput Layer, Taking a step back: The bigger picture of CNNs, Transforming the data, Forward Propagation, Backpropagation, Using NumPy, Using Keras, Implementing a CNN in PyTorch, More projects with CNN"
Dimensionality Reduction for Machine Learning,"Have you worked on a dataset with more than a thousand features? How about 40,000 features? We are generating data at an unprecedented pace right now and working with massive datasets in machine learning projects is becoming mainstream.","Introduction to the Course, Introduction to Dimensionality Reduction, Feature Selection Techniques, Factor Based Feature Extraction Techniques, Projection Based Feature Extraction Techniques","Introduction, AI&ML Blackbelt Plus Program (Sponsored), What is Dimensionality Reduction?, Why is Dimensionality Reduction required?, Common Dimensionality Reduction Techniques, Missing Value Ratio, Missing Value Ratio Implementation, Low Variance Filter, Low Variance Filter Implementation, High Correlation Filter, Backward Feature Elimination, Backward Feature Elimination Implementation, Forward Feature Selection, Forward Feature Selection Implementation, Random Forest, Introduction to the Module, Factor Analysis, Principal Component Analysis, Independent Component Analysis, Understanding Projection, ISOMAP, t- Distributed Stochastic Neighbor Embedding (t-SNE), UMAP"
K-Nearest Neighbors (KNN) Algorithm in Python and R,"K-Nearest Neighbor (KNN) is one of the most popular machine learning algorithms. As a newcomer or beginner in machine learning, you’ll find KNN to be among the easiest algorithms to pick up.","Introduction, K-NEAREST NEIGHBOUR, Steps to Build a K-NEAREST NEIGHBOUR Model, Implementation in Python and R, What's Next?","Welcome to the Course, What is KNN?, Applications of KNN, Steps to build a KNN model, Determining right value of k, How to Calculate distance?, Issues with distance based algorithms, Implementation of KNN in Pyhton, Implementation of KNN in R, More resources for you"
Ensemble Learning and Ensemble Learning Techniques,"Ensemble learning is a powerful machine learning algorithm that is used across industries by data science experts. The beauty of ensemble learning techniques is that they combine the predictions of multiple machine learning models.You must have used or come across several of these ensemble learning techniques in your machine learning journey:-Bagging- Boosting- Stacking- Blending, etc.These ensemble learning techniques include popular machine learning algorithms such as XGBoost, Gradient Boosting, among others. You must be getting a good idea of how vast and useful ensemble learning can be!","Introduction, Basic Ensemble Learning Techniques, Advanced Ensemble Learning Techniques, Advanced Ensemble Learning: Bagging, Advanced Ensemble Learning: Boosting, What next?","Intuition behind Ensemble Learning, What is Ensemble Learning?, What models will be covered in the course?, Quiz: Introduction to Ensemble Learning, AI&ML Blackbelt Plus Program (Sponsored), Max Voting, Averaging, Weighted Average, Quiz: Basic Ensemble Techniques, Stacking, Implementing Stacking, Variants of Stacking, Blending, Bootstrap Sampling, Quiz: Bootstrap Sampling, What is Bagging?, Bagging Meta-Estimator, Random Forest, Quiz: Random Forest, Hyper-parameters of Random Forest, Quiz: Hyper-parameters of Random Forest, Implementing Random Forest, Introduction to boosting, What is Boosting?, Quiz: Introduction to Boosting, Gradient Boosting Algorithm (GBM), Math Behind GBM, Quiz: Gradient Boosting Algorithm, Extreme Gradient Boosting (XGBoost), Implementing XGBoost, Quiz: XGBoost, AdaBoost: Adaptive Boosting, Implementing AdaBoost, Quiz: AdaBoost, LightGBM, CatBoost, Next Steps"
Linear Programming for Data Science Professionals,Optimization is the way of life. We all have finite resources and time and we want to make the most of them. From using your time productively to solving supply chain problems for your company – everything uses optimization.,"Introduction to Linear Programming, Introduction, Tools to Solving Linear Programming Problems, Methods to Solve Linear Programing Problems, Applications of Linear Programming, Conclusion","How to Use the Mini-Course Template, AI&ML Blackbelt Plus Program (Sponsored), Introduction to Linear Programming, What is Linear Programming, Formulating a problem – Let’s manufacture some chocolates, Common Terminologies in Linear Programming, Process to Formulate a Linear Programming Problem, Using Graph: Problem, Using Graph : Solution, Using R Programing: Problem, Using R  Programing: Solution, Using Open-Solver(Excel):Problem, Using Open-Solver(Excel): Solution, Method 1 - Simplex Method(Question), Simplex method: Solution, Method 2 - Northwest Corner Method(Problem), Northwest Corner Method: Solution, Method 3 - Least Cost Method, Applications, What Next?"
Naive Bayes from Scratch,Naive Bayes ranks in the top echelons of the machine learning algorithms pantheon. It is a popular and widely used machine learning algorithm and is often the go-to technique when dealing with classification problems.,"Probability, The Naive Bayes Algorithm, What Next?","Key Terms and Definitions, Introduction to Probability, Quiz: Introduction to probability, Calculating Probabilities of events, Quiz: Calculating Probabilities of events, AI&ML Blackbelt Plus Program (Sponsored), Introduction to Naive Bayes, Quiz: Introduction to Naive Bayes, Conditional Probability and Bayes Theorem, Working of Naive Bayes, Quiz: Conditional Probability and Naive Bayes, Math Behind Naive Bayes, Types of Naive Bayes, Quiz: Types of Naive Bayes, Implementing Naive Bayes, Pros and Cons of Naive Bayes, Applications of Naive Bayes, Improve your Naive Bayes Model, More Resources and Next Steps"
Learn Swift for Data Science,"he Swift programming language is quickly becoming the language of choice for a lot of data science experts and professionals. Swift’s flexibility, ease of use, excellent documentation, and quick execution speed are key reasons behind the language’s recent prominence in the data science space.","Introduction, Swift Basics for Data Analysis, Machine Learning with Swift and TensorFlow, Bonus Chapter: NLP Based iOS Apps uwing Swift, What Next?","Getting Started, Why Swift?, AI&ML Blackbelt Plus Program (Sponsored), The Swift Ecosystem, Setting up the Environment, Basics of Swift programming - I, Basics of Swift programming - II, Python with Swift, The Swift4Tensorflow Library, About the Dataset and Setup, Implementation of MNIST Image Classification, Introduction, Setting up the system, Basic Text Processing, Language Identification in iOS, Spell Checking and Correction, Part Of Speech (POS) Tagging, Identifying People, Organization, etc. from the Text (Named Entity Recognition), Performing Sentiment Analysis on iOS, Word Embeddings, Next Steps"
Introduction to Web Scraping using Python,The need and importance of extracting data from the web is becoming increasingly loud and clear. There is an unprecedented volume of data on the internet right now - and data science projects often need this data to build predictive models.,"Introduction to Web Scraping, Web Scraping: Procedure, Scraping URLs and Email IDs from a Web Page, Scrape Images in Python, Scrape Data on Page Load","What is Web Scraping?, Caution, Popular Libraries for Web Scraping, Components of Web Scraping, AI&ML Blackbelt Plus Program (Sponsored), Problem Setup, Step 1: Crawl, Step 2: Parse and Transform, Step 3: Store the Data, Single Webpage Scraping, Multiple Webpage Scraping(BeautifulSoup and Regex), Scrape Images in Python, Scarpe Data on Page Load"
Tableau for Beginners,"Tableau is the gold standard in business intelligence, analytics and data visualization tools. Tableau Desktop (and now Tableau Public) have transformed the way we interact with visualizations and tell data stories to our clients, stakeholders, and to non-technical audiences around the world.","Introduction, Concept of Visualization, Understanding the Length and Breadth of Tableau, Getting Started with Tableau, Different Types of Charts in Tableau, BONUS: Other Functionalities in Tableau, What's Next?","Welcome to the Course, AI&ML Blackbelt Plus Program (Sponsored), What is Data Visualization and Why Should we Use it, Hans Rosling - 200 Countries 200 Years 4 Minutes, Navigating the Tableau Interface Part 1, Navigating the Tableau Interface Part 2, Connect to the Data, Data Visualizations, Net Statistics, Net Statistics Part 2, Line Chart, Pie Chart, Map Chart, Scatter Plots, Filters, Trend Line, What's Next?"
Getting Started with Neural Networks,"What is a neural network? How does it work? What does a neural network do? Learn neural networks for free in this course and get your neural network questions answered, including applications of neural networks in deep learning.","Introduction to Deep Learning, Getting ready for the course, Introduction to Neural Network, Activation Functions, Loss Function, NN on structured Data, Assignment: Big Mart Sales Prediction, Real World Use cases of Deep Learning, Where to go from here?","What is Deep Learning?, Difference b/w Deep Learning and Machine Learning, Why Deep Learning is so popular?, AI&ML Blackbelt Plus Program (Sponsored), Hardware for Computations in Deep Learning, Setting up your system, Introduction to Google Colab, Understanding Google Colab Interface, Pre-requisites for Deep Learning, Perceptron, Quiz - Perceptron, Weights in Perceptron, Quiz - Weights in Perceptron, Multi Layer Perceptron, Quiz - Multi Layer Perceptron, Forward and Backward Prop Intuition, Quiz - Forward and Backward Prop Intuition, Gradient Descent Algorithm, Quiz - Gradient Descent Algorithm, Why do we need activation functions?, Quiz - Why do need activation functions, Linear Activation Function, Quiz - Linear Activation Function, Sigmoid and tanh, Quiz - Sigmoid and tanh, Softmax, Quiz - Softmax, Introduction to loss function, Quiz - Introduction to Loss Function, Binary and Categorical Cross entropy / log loss, Quiz - Binary and Categorical cross entropy / log loss, Understanding Problem Statement: Loan Prediction, Data Preprocessing: Loan Prediction, Quiz - Data Preprocessing: Loan Prediction, Steps to solve Loan Prediction Challenge, Loading loan prediction dataset, Defining the Model Architecture for loan prediction problem, Training and Evaluating model on Loan Prediction Challenge, Quiz - Training and Evaluating model on Loan Prediction Challenge, Assignment: Big Mart Sales Prediction, Object Detection, segmentation, image generation, Quiz - Object Detection, Segmentation, image generation, Sequential Modeling, Quiz - Sequential Modeling, Test Your Neural Network Skills, Where to go from here?"
Introduction to AI & ML,"Analytics Vidhya’s ‘Introduction to AI and ML’ course, curated and delivered by experienced instructors with decades of industry experience between them, will help you understand the answers to these pressing questions.","Introduction to AI & ML, Common Terminologies, Tools and Techniques, Skills required to become a data science professional","What is AI&ML?, Types of ML, When to Apply AI&ML, Recent AI Uprising, How the world is Changing?, Building Blocks of AI and ML, Knowing Each Other, AI&ML Blackbelt Plus Program (Sponsored), Common Terminologies, Common Data Capturing Types and Tools, Common Tools, Common Techniques, Common Techniques - Part1, Common Techniques - Part2, Skills Required in Data Science, AI and ML Black Belt+, Where to Go from here!!"
Winning Data Science Hackathons - Learn from Elite Data Scientists,"There is no substitute for experience. And that holds true in Data Science competitions as well. These cut-throat hackathons require a lot of trial-and-error, effort, and dedication to reach the ranks of the elite.","Introduction to Winning Data Science Hackathon Course, Talks by Elite Data Scientists","About the Winning Data Science Hackathon course, AI&ML Blackbelt Plus Program (Sponsored), Effective Feature Engineering – A Structured Approach to Building Better ML Models - By Dipanjan Sarkar, Automating the Machine Learning Pipeline with AutoML -By Dr. Sunil Kumar Chinnamgari, Panel Discussion - What Sets the Top Hackers Apart?, Top Hacks from a Kaggle Grandmaster by Pavel Pleskov, Feature Engineering for Image Data by Aishwarya Singh  & Pulkit Sharma"
Hypothesis Testing for Data Science and Analytics,"Statistics is the study of the collection, analysis, interpretation, presentation, and organisation of data. For all the data science and machine learning enthusiasts it is paramount to be well versed with various statistical concepts such as Hypothesis testing","Introduction to the course, Fundamentals of Hypothesis Testing, What is the Z Test?, What is the t-Test?, Deciding between Z Test and T-Test, Case Study: Hypothesis Testing for Coronavirus using Python","Introduction to Hypothesis Testing Course, AI&ML Blackbelt Plus Program (Sponsored), Understanding Hypothesis Testing, Steps to Perform for Hypothesis testing, Critical Value - p-value, Directional Hypothesis, Non-Directional Hypothesis, What is Z test?, One-Sample Z test, One-Sample Z test - Example, Two-Sample Z Test, Two-Sample Z Test - Example, What is t-test?, One-Sample t-Test, One Sample t-Test - Example, Two-Sample t-Test, Two-Sample t-Test - Example, Deciding between Z Test and T-Test, Two-Sample Z test for a Coronavirus Dataset"
